{"cameraMode":{"drawMode":0,"name":"Shaded","section":"Shading Mode"},"sceneLighting":false,"audioPlay":false,"sceneViewState":{"showFog":true,"showMaterialUpdate":false,"showSkybox":false,"showFlares":true,"showImageEffects":true,"showParticleSystems":true,"showVisualEffectGraphs":true,"m_FxEnabled":true},"in2DMode":false,"pivot":{"x":-0.31424713134765627,"y":0.49541181325912478,"z":-0.03752651810646057},"rotation":{"x":-0.09815230220556259,"y":0.7232773900032044,"z":-0.10510671138763428,"w":-0.6754243969917297},"size":2.1247448921203615,"orthographic":false}